Features,Weights
sig_str_att,-3.4293229694876954
head_att,-3.2237744408164923
total_str_att,-2.8965255762346285
td_att,-2.3422950265778746
distance_att,-1.4891628443455387
distance_landed,1.3455523578206656
pass,-1.2626370244749594
total_str_landed,-1.1250886716290154
td_pct,1.1130846318456145
td_landed,0.7163905455568631
ground_att,-0.6729079001066066
